{
    "intra2":{
        "SVM":{
            "C":[1.00000000e-05, 3.16227766e-05, 1.00000000e-04, 3.16227766e-04,
            1.00000000e-03, 3.16227766e-03, 1.00000000e-02, 3.16227766e-02,
            1.00000000e-01, 3.16227766e-01, 1.00000000e+00, 3.16227766e+00]
        },
        "MLP":{
            "lr":[0.0005,0.001,0.002],
            "num_hiddens":[400,800,1600]
        },
        "DGCNN":{
            "lr":[],
            "num_hiddens":[]
        },
        "RGNN":{
            "lr":[0.0001,0.001,0.01],
            "num_hiddens":[20,40,80],
            "l1_reg":[0.001],
            "l2_reg":[0.001]
        },
        "SparseDGCNN":{
            "lr":[],
            "num_hiddens":[]
        },
        "Het":{
            "lr":[],
            "num_hiddens":[]
        }
    },
    "inter2":{
        "SVM":{
            "C":[1.00000000e-05, 3.16227766e-05, 1.00000000e-04, 3.16227766e-04,
            1.00000000e-03, 3.16227766e-03, 1.00000000e-02, 3.16227766e-02,
            1.00000000e-01, 3.16227766e-01, 1.00000000e+00, 3.16227766e+00]
        }
    },
    "intra9":{
        "SVM":{
            "C":[1.00000000e-05, 3.16227766e-05, 1.00000000e-04, 3.16227766e-04,
            1.00000000e-03, 3.16227766e-03, 1.00000000e-02, 3.16227766e-02,
            1.00000000e-01, 3.16227766e-01, 1.00000000e+00, 3.16227766e+00]
        },
        "RGNN":{
            "lr":[0.0001,0.001,0.01],
            "num_hiddens":[20,40,80],
            "l1_reg":[0.003],
            "l2_reg":[0.003]
        }
    },
    "inter9":{
        "SVM":{
            "C":[1.00000000e-05, 3.16227766e-05, 1.00000000e-04, 3.16227766e-04,
            1.00000000e-03, 3.16227766e-03, 1.00000000e-02, 3.16227766e-02,
            1.00000000e-01, 3.16227766e-01, 1.00000000e+00, 3.16227766e+00]
        },
        "RGNN":{
            "lr":[0.0001,0.001,0.01],
            "num_hiddens":[20,40,80],
            "l1_reg":[0.005],
            "l2_reg":[0.005]
        }
    }
}